{
  "1": [
    0.011764705882352941,
    0.011764705882352941,
    0.011764705882352941,
    0.011764705882352941,
    0.011764705882352941,
    0.011764705882352941,
    0.011764705882352941,
    0.011764705882352941,
    0.011764705882352941,
    0.011764705882352941,
    0.011764705882352941,
    0.011764705882352941,
    0.011764705882352941,
    0.011764705882352941,
    0.011764705882352941,
    0.011764705882352941,
    0.011764705882352941,
    0.011764705882352941,
    0.011764705882352941,
    0.011764705882352941,
    0.011764705882352941,
    0.011764705882352941,
    0.011764705882352941,
    0.011764705882352941,
    0.011764705882352941,
    0.011764705882352941,
    0.011764705882352941,
    0.011764705882352941,
    0.011764705882352941,
    0.011764705882352941,
    0.011764705882352941,
    0.011764705882352941,
    0.011764705882352941,
    0.011764705882352941,
    0.011764705882352941,
    0.011764705882352941,
    0.011764705882352941,
    0.011764705882352941,
    0.011764705882352941,
    0.011764705882352941,
    0.011764705882352941,
    0.011764705882352941,
    0.011764705882352941,
    0.011764705882352941,
    0.011764705882352941,
    0.011764705882352941,
    0.011764705882352941,
    0.011764705882352941,
    0.011764705882352941,
    0.011764705882352941,
    0.011764705882352941,
    0.011764705882352941,
    0.011764705882352941,
    0.011764705882352941,
    0.011764705882352941,
    0.011764705882352941,
    0.011764705882352941,
    0.011764705882352941,
    0.011764705882352941,
    0.011764705882352941,
    0.011764705882352941,
    0.011764705882352941,
    0.011764705882352941,
    0.011764705882352941,
    0.011764705882352941,
    0.011764705882352941,
    0.011764705882352941,
    0.011764705882352941,
    0.011764705882352941,
    0.011764705882352941,
    0.011764705882352941,
    0.011764705882352941,
    0.011764705882352941,
    0.011764705882352941,
    0.011764705882352941,
    0.011764705882352941,
    0.011764705882352941,
    0.011764705882352941,
    0.011764705882352941,
    0.011764705882352941,
    0.011764705882352941,
    0.011764705882352941,
    0.011764705882352941,
    0.011764705882352941,
    0.011764705882352941
  ],
  "2": [
    0.022222222222222223,
    0.022222222222222223,
    0.022222222222222223,
    0.022222222222222223,
    0.022222222222222223,
    0.022222222222222223,
    0.022222222222222223,
    0.022222222222222223,
    0.022222222222222223,
    0.022222222222222223,
    0.022222222222222223,
    0.022222222222222223,
    0.022222222222222223,
    0.022222222222222223,
    0.022222222222222223,
    0.022222222222222223,
    0.022222222222222223,
    0.022222222222222223,
    0.022222222222222223,
    0.022222222222222223,
    0.022222222222222223,
    0.022222222222222223,
    0.022222222222222223,
    0.022222222222222223,
    0.022222222222222223,
    0.022222222222222223,
    0.022222222222222223,
    0.022222222222222223,
    0.022222222222222223,
    0.022222222222222223,
    0.022222222222222223,
    0.022222222222222223,
    0.022222222222222223,
    0.022222222222222223,
    0.022222222222222223,
    0.022222222222222223,
    0.022222222222222223,
    0.022222222222222223,
    0.022222222222222223,
    0.022222222222222223,
    0.022222222222222223,
    0.022222222222222223,
    0.022222222222222223,
    0.022222222222222223,
    0.022222222222222223
  ],
  "3": [
    0.03225806451612903,
    0.03225806451612903,
    0.03225806451612903,
    0.03225806451612903,
    0.03225806451612903,
    0.03225806451612903,
    0.03225806451612903,
    0.03225806451612903,
    0.03225806451612903,
    0.03225806451612903,
    0.03225806451612903,
    0.03225806451612903,
    0.03225806451612903,
    0.03225806451612903,
    0.03225806451612903,
    0.03225806451612903,
    0.03225806451612903,
    0.03225806451612903,
    0.03225806451612903,
    0.03225806451612903,
    0.03225806451612903,
    0.03225806451612903,
    0.03225806451612903,
    0.03225806451612903,
    0.03225806451612903,
    0.03225806451612903,
    0.03225806451612903,
    0.03225806451612903,
    0.03225806451612903,
    0.03225806451612903,
    0.03225806451612903
  ],
  "4": [
    0.013333333333333334,
    0.013333333333333334,
    0.013333333333333334,
    0.013333333333333334,
    0.013333333333333334,
    0.013333333333333334,
    0.013333333333333334,
    0.013333333333333334,
    0.013333333333333334,
    0.013333333333333334,
    0.013333333333333334,
    0.013333333333333334,
    0.013333333333333334,
    0.013333333333333334,
    0.013333333333333334,
    0.013333333333333334,
    0.013333333333333334,
    0.013333333333333334,
    0.013333333333333334,
    0.013333333333333334,
    0.013333333333333334,
    0.013333333333333334,
    0.013333333333333334,
    0.013333333333333334,
    0.013333333333333334,
    0.013333333333333334,
    0.013333333333333334,
    0.013333333333333334,
    0.013333333333333334,
    0.013333333333333334,
    0.013333333333333334,
    0.013333333333333334,
    0.013333333333333334,
    0.013333333333333334,
    0.013333333333333334,
    0.013333333333333334,
    0.013333333333333334,
    0.013333333333333334,
    0.013333333333333334,
    0.013333333333333334,
    0.013333333333333334,
    0.013333333333333334,
    0.013333333333333334,
    0.013333333333333334,
    0.013333333333333334,
    0.013333333333333334,
    0.013333333333333334,
    0.013333333333333334,
    0.013333333333333334,
    0.013333333333333334,
    0.013333333333333334,
    0.013333333333333334,
    0.013333333333333334,
    0.013333333333333334,
    0.013333333333333334,
    0.013333333333333334,
    0.013333333333333334,
    0.013333333333333334,
    0.013333333333333334,
    0.013333333333333334,
    0.013333333333333334,
    0.013333333333333334,
    0.013333333333333334,
    0.013333333333333334,
    0.013333333333333334,
    0.013333333333333334,
    0.013333333333333334,
    0.013333333333333334,
    0.013333333333333334,
    0.013333333333333334,
    0.013333333333333334,
    0.013333333333333334,
    0.013333333333333334,
    0.013333333333333334,
    0.013333333333333334
  ],